date,code,side,price,shares,amount,fee,pnl
2026-02-12,688766,buy,275.066,356,97923.56,123.38,0.0
2026-02-12,688002,buy,115.294,850,97999.96,123.48,0.0
2026-02-12,300408,buy,58.731,1668,97963.56,123.43,0.0
2026-02-12,300054,buy,45.982,2131,97986.64,123.46,0.0
2026-02-12,688019,buy,205.982,475,97841.53,123.28,0.0
2026-02-13 00:00:00,688019,sell,203.223,475,96531.09,169.89,-1480.34
2026-02-13,688019,buy,203.63,477,97131.6,122.39,0.0
2026-02-24 00:00:00,688019,sell,208.186,477,99304.9,174.78,1998.52
2026-02-25 00:00:00,688766,sell,252.425,356,89863.31,158.16,-8218.41
2026-02-27,688019,buy,206.351,474,97810.42,123.24,0.0
2026-02-27,688766,buy,259.685,377,97901.32,123.36,0.0
2026-03-02 00:00:00,688019,sell,202.51,474,95989.72,168.94,-1989.65
2026-03-02 00:00:00,688766,sell,256.67,377,96764.43,170.31,-1307.2
2026-03-03 00:00:00,688002,sell,110.058,850,93549.59,164.65,-4615.02
2026-03-03 00:00:00,300054,sell,42.307,2131,90157.26,158.68,-7988.05
2026-03-06,300054,buy,42.702,2238,95567.37,120.41,0.0
2026-03-06,688766,buy,253.481,377,95562.26,120.41,0.0
2026-03-06,688002,buy,107.132,892,95561.36,120.41,0.0
2026-03-06,688019,buy,190.079,502,95419.88,120.23,0.0
2026-03-09 00:00:00,300408,sell,56.626,1668,94452.54,166.24,-3677.26
2026-03-09 00:00:00,300054,sell,41.509,2238,92897.67,163.5,-2833.2
2026-03-09 00:00:00,688766,sell,250.677,377,94505.34,166.33,-1223.25
2026-03-09 00:00:00,688002,sell,106.598,892,95085.82,167.35,-642.89
2026-03-09 00:00:00,688019,sell,187.874,502,94312.75,165.99,-1273.12
2026-03-13,300054,buy,46.211,2047,94594.91,119.19,0.0
2026-03-13,688766,buy,244.174,387,94495.39,119.06,0.0
2026-03-13,688002,buy,103.505,913,94499.98,119.07,0.0
2026-03-13,688019,buy,181.994,519,94454.66,119.01,0.0
2026-03-13,300408,buy,54.559,1733,94550.45,119.13,0.0
2026-03-16 00:00:00,688002,sell,104.694,913,95585.64,168.23,917.43
2026-03-16 00:00:00,688019,sell,184.522,519,95766.84,168.55,1143.63
2026-03-16 00:00:00,300408,sell,54.718,1733,94826.54,166.89,109.2
2026-03-20,688002,buy,100.907,951,95962.83,120.91,0.0
2026-03-20,688019,buy,178.535,537,95873.18,120.8,0.0
2026-03-20,300408,buy,54.27,1768,95949.45,120.9,0.0
2026-03-23 00:00:00,300054,sell,42.018,2047,86011.1,151.38,-8735.19
2026-03-23 00:00:00,688002,sell,97.126,951,92366.96,162.57,-3758.44
2026-03-23 00:00:00,688019,sell,168.344,537,90400.76,159.11,-5631.52
2026-03-23 00:00:00,300408,sell,50.803,1768,89819.01,158.08,-6288.53
2026-03-25 00:00:00,688766,sell,255.681,387,98948.49,174.15,4278.94
2026-03-27,300054,buy,53.06,1747,92696.21,116.8,0.0
2026-03-27,688766,buy,240.341,385,92531.44,116.59,0.0
2026-03-27,688019,buy,189.926,488,92683.75,116.78,0.0
2026-03-27,688002,buy,101.107,917,92715.22,116.82,0.0
2026-03-27,300408,buy,54.609,1698,92725.43,116.83,0.0
2026-03-30 00:00:00,688766,sell,238.793,385,91935.15,161.81,-758.1
2026-03-30 00:00:00,688002,sell,103.488,917,94898.08,167.02,2015.84
2026-03-30 00:00:00,300408,sell,53.764,1698,91291.45,160.67,-1594.66
2026-04-03,688002,buy,102.096,904,92294.96,116.29,0.0
2026-04-03,688766,buy,218.936,421,92172.12,116.14,0.0
2026-04-03,300408,buy,54.609,1690,92288.56,116.28,0.0
2026-04-07 00:00:00,688002,sell,99.669,904,90100.51,158.58,-2353.03
2026-04-07 00:00:00,688766,sell,225.659,421,95002.65,167.2,2663.32
2026-04-10,688002,buy,121.089,775,93843.78,118.24,0.0
2026-04-10,688766,buy,254.431,369,93885.21,118.3,0.0
2026-04-17 00:00:00,688019,sell,187.935,488,91712.46,161.41,-1132.7
2026-04-17,688019,buy,188.312,505,95097.37,119.82,0.0
2026-04-20 00:00:00,688019,sell,188.925,505,95407.08,167.92,141.8
2026-04-24,688019,buy,189.172,516,97613.0,122.99,0.0
2026-04-29 00:00:00,688019,sell,187.889,516,96950.9,170.63,-832.73
2026-04-30,688019,buy,192.308,528,101538.85,127.94,0.0
2026-05-15 00:00:00,688002,sell,134.268,775,104057.38,183.14,10030.46
2026-05-15,688002,buy,134.536,801,107763.65,135.78,0.0
2026-05-18 00:00:00,688002,sell,133.709,801,107101.09,188.5,-851.06
2026-05-22,688002,buy,133.657,857,114544.22,144.33,0.0
2026-05-25 00:00:00,688002,sell,136.621,857,117083.95,206.07,2333.66
2026-05-29 00:00:00,300054,sell,66.994,1747,117037.67,205.99,24135.47
2026-05-29 00:00:00,688019,sell,218.028,528,115118.81,202.61,13377.34
2026-05-29,300054,buy,67.128,1701,114184.11,143.87,0.0
2026-05-29,688019,buy,218.465,522,114038.49,143.69,0.0
2026-05-29,688002,buy,127.683,894,114148.33,143.83,0.0
2026-06-01 00:00:00,688766,sell,372.667,369,137514.11,242.02,43386.87
2026-06-01 00:00:00,300054,sell,65.676,1701,111715.54,196.62,-2665.18
2026-06-01 00:00:00,688019,sell,205.578,522,107311.86,188.87,-6915.49
2026-06-01 00:00:00,688002,sell,120.677,894,107885.51,189.88,-6452.69
2026-06-05,688019,buy,209.833,539,113099.96,142.51,0.0
2026-06-05,688766,buy,396.396,285,112972.86,142.35,0.0
2026-06-05,300054,buy,69.737,1621,113043.93,142.44,0.0
2026-06-05,688002,buy,120.689,937,113085.7,142.49,0.0
2026-06-08 00:00:00,688019,sell,199.273,539,107408.07,189.04,-5880.92
2026-06-08 00:00:00,688766,sell,372.627,285,106198.7,186.91,-6961.07
2026-06-08 00:00:00,300054,sell,64.768,1621,104989.54,184.78,-8239.17
2026-06-08 00:00:00,688002,sell,116.639,937,109290.85,192.35,-3987.21
2026-06-12,300054,buy,78.975,1382,109144.07,137.52,0.0
2026-06-12,688019,buy,225.225,484,109008.9,137.35,0.0
2026-06-12,688766,buy,390.981,279,109083.58,137.45,0.0
2026-06-12,688002,buy,129.781,841,109145.62,137.52,0.0
2026-07-02 00:00:00,300408,sell,148.052,1690,250207.54,440.37,157478.61
2026-07-03,300408,buy,145.035,899,130386.37,164.29,0.0
2026-07-06 00:00:00,300408,sell,141.588,899,127287.85,224.03,-3322.54
2026-07-08 00:00:00,300054,sell,89.271,1382,123372.02,217.13,14010.82
2026-07-10,300054,buy,83.183,1538,127935.61,161.2,0.0
2026-07-10,300408,buy,127.177,1006,127940.11,161.2,0.0
2026-07-13 00:00:00,688766,sell,602.397,279,168068.76,295.8,58689.38
2026-07-13 00:00:00,688002,sell,141.418,841,118932.91,209.32,9577.96
2026-07-13 00:00:00,300054,sell,79.84,1538,122794.04,216.12,-5357.68
2026-07-13 00:00:00,300408,sell,111.688,1006,112358.33,197.75,-15779.53
2026-07-15 00:00:00,688019,sell,282.717,484,136835.03,240.83,27585.3
2026-07-17,688019,buy,239.299,505,120846.03,152.27,0.0
2026-07-17,688002,buy,125.575,963,120929.16,152.37,0.0
2026-07-17,300054,buy,69.479,1741,120963.65,152.41,0.0
2026-07-17,688766,buy,428.428,282,120816.7,152.23,0.0
2026-07-17,300408,buy,99.109,1221,121012.1,152.48,0.0
2026-07-20 00:00:00,688019,sell,224.355,505,113299.49,199.41,-7745.95
2026-07-20 00:00:00,688002,sell,125.434,963,120793.37,212.6,-348.39
2026-07-20 00:00:00,300054,sell,65.814,1741,114582.38,201.66,-6582.93
2026-07-20 00:00:00,688766,sell,399.6,282,112687.2,198.33,-8327.83
2026-07-20 00:00:00,300408,sell,90.929,1221,111024.28,195.4,-10183.22
2026-07-24,688002,buy,150.25,783,117645.83,148.23,0.0
2026-07-24,688019,buy,256.746,458,117589.89,148.16,0.0
2026-07-24,688766,buy,390.03,301,117398.92,147.92,0.0
2026-07-24,300054,buy,73.864,1593,117665.02,148.26,0.0
2026-07-24,300408,buy,100.941,1165,117596.08,148.17,0.0
2026-07-27 00:00:00,688019,sell,264.635,458,121202.88,213.32,3399.67
2026-07-27 00:00:00,688766,sell,371.408,301,111793.87,196.76,-5801.8
2026-07-27 00:00:00,300054,sell,74.096,1593,118034.66,207.74,161.9
2026-07-27 00:00:00,300408,sell,111.458,1165,129849.07,228.53,12024.46
2026-07-28 00:00:00,688002,sell,141.878,783,111090.46,195.52,-6750.89
2026-07-31,688002,buy,141.792,831,117828.86,148.46,0.0
2026-07-31,300408,buy,111.792,1054,117828.43,148.46,0.0
2026-07-31,688766,buy,355.255,331,117589.37,148.16,0.0
2026-07-31,688019,buy,237.617,496,117858.22,148.5,0.0
2026-07-31,300054,buy,68.749,1715,117903.99,148.56,0.0
2026-08-03 00:00:00,688002,sell,137.492,831,114256.16,201.09,-3773.79
2026-08-03 00:00:00,688766,sell,312.587,331,103466.33,182.1,-14305.14
2026-08-03 00:00:00,688019,sell,216.693,496,107479.77,189.16,-10567.61
2026-08-03 00:00:00,300054,sell,62.837,1715,107765.63,189.67,-10328.03
2026-08-07,688002,buy,170.21,679,115572.62,145.62,0.0
2026-08-07,300054,buy,77.818,1485,115559.34,145.6,0.0
2026-08-07,688766,buy,394.024,293,115448.92,145.47,0.0
2026-08-07,688019,buy,251.932,458,115384.71,145.38,0.0
2026-08-10 00:00:00,688766,sell,374.125,293,109618.77,192.93,-6023.08
2026-08-10,688766,buy,374.874,306,114711.6,144.54,0.0
